Date,tweet_id,tweet_content,likes,retweets,username,followers,tweet_language,verified,preprocessed_text,cluster,predicted_category,prediction
2023-04-12 12:30:19+00:00,1.6461286141975675e+18,"Manish Sisodia was the ONLY minister in India handling â€˜Education &amp; Liquorâ€™ together

What a revolution Arvind Kejrâ€¦ https://t.co/ze1AF8EJ3u",83,24,FltLtAnoopVerma,30663,en,False,manish sisodia minist india handl â€˜educ amp liquorâ€™ togeth revolut arvind kejrâ€¦ httpstcoze1af8ej3u,7,politics,0.4351114
2023-04-12 11:04:54+00:00,1.6461071152019046e+18,Supreme Court of Pakistan has summoned all officers for non-provision of funds for the Punjab elections on April 14â€¦ https://t.co/TBA0dqQfRv,43,6,Tormentedsoul30,1888,en,False,suprem court pakistan summon offic nonprovis fund punjab elect april 14â€¦ httpstcotba0dqqfrv,10,politics,0.7357075
2023-04-12 10:05:55+00:00,1.6460922747519263e+18,"Breaking:

Screenshots of Conman Sukesh Chandrashekhar's chat with KCR's daughter Kavitha.

As per Sukesh, Kavithaâ€¦ https://t.co/7vJHeoKlvv",503,234,Indian_Analyzer,42766,en,False,break screenshot conman sukesh chandrashekhar chat kcr daughter kavitha per sukesh kavithaâ€¦ httpstco7vjheoklvv,0,tech,0.49316442
2023-04-12 10:05:37+00:00,1.646092197840732e+18,A friend said Conman Sukesh Chandrashekhar who is lodged in Tihar Jail released alleged chats screenshots of him anâ€¦ https://t.co/UZ7aNnN0GD,49,33,AmitLeliSlayer,16515,en,False,friend said conman sukesh chandrashekhar lodg tihar jail releas alleg chat screenshot anâ€¦ httpstcouz7annn0gd,3,entertainment,0.2182233
2023-04-12 09:50:47+00:00,1.6460884636562924e+18,Delhi School very bad condition . Confirmed by AAP minister herself . Proves lies of Ruling leaders of Delhi .  https://t.co/OsJGAzpt7H,64,19,alokmehtaeditor,28345,en,False,delhi school bad condit confirm aap minist prove lie rule leader delhi httpstcoosjgazpt7h,5,politics,0.5997671
2023-04-12 09:20:47+00:00,1.646080915242877e+18,"Can't Keep Calm because AAP is a National Party ğŸ¥³

Our Ministers, leaders and volunteers celebrated his huge feat tâ€¦ https://t.co/ZvHNgThBuS",169,67,AAPPunjab,415218,en,True,cant keep calm aap nation parti ğŸ¥³ minist leader volunt celebr huge feat tâ€¦ httpstcozvhngthbu,1,politics,0.24332605
2023-04-12 09:20:47+00:00,1.646080913699373e+18,"Share Top 5 Traditional Fantasy App Name ! 

I Know Fatafat Se Bata Doge Aap Log ğŸ˜€ #IPL23

But Now Share TOP 5 Fantâ€¦ https://t.co/E0YiyDPde6",40,5,Cryptowithkhan,9455,en,False,share top 5 tradit fantasi app name know fatafat se bata doge aap log ğŸ˜€ ipl23 share top 5 fantâ€¦ httpstcoe0yiydpde6,0,tech,0.8836629
2023-04-12 08:50:20+00:00,1.6460732523920876e+18,Conman #SukeshChandrashekhar who is lodged in Tihar Jail in #Delhi released alleged chats screenshots of him andâ€¦ https://t.co/IkvNeMBCVM,812,433,KP_Aashish,10655,en,True,conman sukeshchandrashekhar lodg tihar jail delhi releas alleg chat screenshot andâ€¦ httpstcoikvnembcvm,5,entertainment,0.3011398
2023-04-12 08:34:10+00:00,1.6460691826293064e+18,"VIDEO | BJP workers stage protest against the AAP government over the alleged corruption in Delhi, demand CM Arvindâ€¦ https://t.co/6uRK3QoviE",57,9,PTI_News,4063732,en,True,video bjp worker stage protest aap govern alleg corrupt delhi demand cm arvindâ€¦ httpstco6urk3qovi,5,business,0.42856583
2023-04-12 08:17:24+00:00,1.6460649632268452e+18,What happens to the claims of two international publications that ran the same story on AAP's  excellent educationâ€¦ https://t.co/1py0EHAklu,61,26,jananisampath,32757,en,True,happen claim two intern public ran stori aap excel educationâ€¦ httpstco1py0ehaklu,9,sport,0.45492026
2023-04-12 08:05:52+00:00,1.6460620599883366e+18,Delhi Court to hear bail plea of AAP leader and former Deputy Chief Minister Manish Sisodia in a money laundering câ€¦ https://t.co/H9lmkkVZy8,130,24,LiveLawIndia,602336,en,True,delhi court hear bail plea aap leader former deputi chief minist manish sisodia money launder câ€¦ httpstcoh9lmkkvzy8,7,politics,0.550991
2023-04-12 07:30:20+00:00,1.646053120441729e+18,"I joined in @IAF_MCC in 1993
None of car ever a had a sticker â€œ Air Force or Defenceâ€ 

- When someone asks me â€œ siâ€¦ https://t.co/iCAvCASOVj",110,2,nitinwelde,4603,en,False,join iafmcc 1993 none car ever sticker â€œ air forc defenceâ€ someon ask â€œ siâ€¦ httpstcoicavcasovj,9,business,0.73256606
2023-04-12 07:11:24+00:00,1.646048353963356e+18,"Do u use Smartphone? â¤ï¸
or
Smartphone use you? ğŸ”´

- washroom me phone le jaana
- lunch dinner ke waqt phone
- lateâ€¦ https://t.co/JMvtr37N3j",21,6,TechDekhoji,1076,en,False,u use smartphon â¤ï¸ smartphon use ğŸ”´ washroom phone le jaana lunch dinner ke waqt phone lateâ€¦ httpstcojmvtr37n3j,0,tech,0.40234137
2023-04-12 07:09:50+00:00,1.646047960759939e+18,"Biggest exposÃ© of the Enforcement Directorate till date by AAP MP @SanjayAzadSln ğŸ”¥ğŸ”¥

Multiple witnesses in the Delhâ€¦ https://t.co/7dVQOKaiad",540,330,Jasmine441,13176,en,True,biggest exposÃ© enforc director till date aap mp sanjayazadsln ğŸ”¥ğŸ”¥ multipl wit delhâ€¦ httpstco7dvqokaiad,1,politics,0.5711996
2023-04-12 06:34:45+00:00,1.646039131766788e+18,Delhi High Court issues notice to Enforcement Directorate on bail plea moved by AAP's communication in-charge Vijayâ€¦ https://t.co/2SoadRFEDE,217,51,ANI,7641848,en,True,delhi high court issu notic enforc director bail plea move aap commun incharg vijayâ€¦ httpstco2soadrfed,5,business,0.23766057
2023-04-12 06:32:37+00:00,1.6460385945058263e+18,Senior AAP leader &amp; Rajya Sabha Member @SanjayAzadSln addressing an important press conferenceÂ |Â LIVE https://t.co/WzToEj7vsz,731,385,AamAadmiParty,6475161,en,True,senior aap leader amp rajya sabha member sanjayazadsln address import press confer live httpstcowztoej7vsz,6,politics,0.32417503
2023-04-12 06:29:42+00:00,1.6460378584136008e+18,"I know it's totally against Party's Early commitments.

But she embodies Arvind Kejriwal's persona whenever she visâ€¦ https://t.co/mylbXs9Wob",23,12,AAPforNewIndia,843,en,False,know total parti earli commit embodi arvind kejriw persona whenev visâ€¦ httpstcomylbxs9wob,9,sport,0.5202864
2023-04-12 06:15:54+00:00,1.6460343871449457e+18,"Samana toll plaza, Patiala to be closed by CM @BhagwantMann today ğŸ”¥ğŸ”¥

ğŸ‘‰ This will be the 9th Toll Plaza that the AAâ€¦ https://t.co/Uwsf9cZVEi",718,198,RitikGupta1999,5435,en,False,samana toll plaza patiala close cm bhagwantmann today ğŸ”¥ğŸ”¥ ğŸ‘‰ 9th toll plaza aaâ€¦ httpstcouwsf9czvei,11,politics,0.35348856
2023-04-12 06:12:04+00:00,1.6460334225724703e+18,"Samana toll plaza, Patiala to be closed by CM @BhagwantMann today ğŸ”¥ğŸ”¥

ğŸ‘‰ This will be the 9th Toll Plaza that the AAâ€¦ https://t.co/PWMEqCycQP",421,137,AAPPunjab,415218,en,True,samana toll plaza patiala close cm bhagwantmann today ğŸ”¥ğŸ”¥ ğŸ‘‰ 9th toll plaza aaâ€¦ httpstcopwmeqcycqp,11,politics,0.35348856
2023-04-12 05:57:14+00:00,1.6460296915251528e+18,"Any 1 MISTAKE ğŸ”´ which you did &amp; don't want YOUR KID/YOUNG GENERATION to do...!! be it ANYTHING ğŸŒ

Koi ek MISTAKE joâ€¦ https://t.co/sgbF6qNMAq",18,2,TechDekhoji,1076,en,False,1 mistak ğŸ”´ amp dont want kidyoung gener anyth ğŸŒ koi ek mistak joâ€¦ httpstcosgbf6qnmaq,9,sport,0.48138297
2023-04-12 05:30:00+00:00,1.6460228357003796e+18,"Kya Aap Hai Cricket Ke Asli Dawn? Tis' The Time To Win Your Throne.  
Answer This Simple Question On The Pinned Posâ€¦ https://t.co/GznCpLFkiq",87,68,RedFMIndia,271197,en,True,kya aap hai cricket ke asli dawn ti time win throne answer simpl question pin posâ€¦ httpstcogzncplfkiq,3,sport,0.39415684
2023-04-12 05:10:23+00:00,1.6460179003800576e+18,Send this tweet to coward kejriwal  ...he wont see this tweet @AtishiAAP  @AapKaGopalRai https://t.co/i1vBUeI84c,217,88,noconversion,237906,en,False,send tweet coward kejriw wont see tweet atishiaap aapkagopalrai httpstcoi1vbuei84c,9,tech,0.69308823
2023-04-12 05:10:19+00:00,1.6460178826635796e+18,"People of Punjab are asking AAP Govt â€œKya Hua Tera Wada, Vo Qasam, Vo Iraada!â€ ? 

Drunk on Power - AAP has forgottâ€¦ https://t.co/cGq9URC8Uf",67,22,JaiveerShergill,138009,en,True,peopl punjab ask aap govt â€œkya hua tera wada vo qasam vo iraadaâ€ drunk power aap forgottâ€¦ httpstcocgq9urc8uf,2,politics,0.40091255
2023-04-12 04:42:35+00:00,1.6460109025825628e+18,"-Manish Sisodiya : Liquor scam
-Satyendra Jain: Money laundering case
-Amanullah : Land scam
-Vijay Singla : Bribeâ€¦ https://t.co/ERNUM9K0lD",467,187,MrSinha_,74573,en,False,manish sisodiya liquor scam satyendra jain money launder case amanullah land scam vijay singla bribeâ€¦ httpstcoernum9k0ld,7,business,0.55857986
2023-04-12 04:40:00+00:00,1.6460102523060224e+18,"AAPâ€™s â€˜Degree Dikhaoâ€™ campaign: 40% of partyâ€™s Punjab MLAs are not graduates, 19 have not even passed 12th standard
 https://t.co/iifZ6qgqjB",121,33,OpIndia_com,627871,en,True,aapâ€™ â€˜degre dikhaoâ€™ campaign 40 partyâ€™ punjab mla graduat 19 even pass 12th standard httpstcoiifz6qgqjb,10,politics,0.5830594
2023-04-12 03:57:16+00:00,1.6459994973346363e+18,More power to you @AtishiAAP for exposing the corrupt education model run by #ManishSisodia for last 8 yrs inâ€¦ https://t.co/C5xxW0ASbY,555,307,MithilaWaala,2594,en,False,power atishiaap expos corrupt educ model run manishsisodia last 8 yr inâ€¦ httpstcoc5xxw0asbi,2,politics,0.3899168
2023-04-12 03:56:56+00:00,1.6459994150927237e+18,"If Kejriwal becomes PM, Tahir Hussain will get Bharat Ratna 

If Mamata becomes PM, a Bangladeshi will get Bharat Râ€¦ https://t.co/gigEla0lEn",4915,1275,FltLtAnoopVerma,30663,en,False,kejriw becom pm tahir hussain get bharat ratna mamata becom pm bangladeshi get bharat râ€¦ httpstcogigela0len,8,politics,0.23445746
2023-04-12 03:40:17+00:00,1.6459952245761802e+18,"I feel awkward when some Aapians say what @indian_nagrik has done for party, when they see him bluntly ask accountaâ€¦ https://t.co/vHWLmiQJ2I",57,20,mshahi0024,2326,en,False,feel awkward aapian say indiannagrik done parti see bluntli ask accountaâ€¦ httpstcovhwlmiqj2i,1,politics,0.5505604
2023-04-12 03:20:07+00:00,1.64599e+18,Ground report: AAP is gaining momentum in Jalandhar and Congress is losing votes every day. It was one of the easieâ€¦ https://t.co/Gp49Q62ry6,79,32,DeolSirsa,1805,en,False,ground report aap gain momentum jalandhar congress lose vote everi day one easieâ€¦ httpstcogp49q62ry6,7,sport,0.808596
2023-04-12 03:12:46+00:00,1.6459882991847014e+18,"1 traitor per state, an Owaisi &amp; One kejriwal in each state &amp; INC will be over run by peeparty in most states. Addâ€¦ https://t.co/SnRf7Kc45U",23,4,MetarSpeci,604,en,False,1 traitor per state owaisi amp one kejriw state amp inc run peeparti state addâ€¦ httpstcosnrf7kc45u,3,business,0.62183005
2023-04-12 02:44:03+00:00,1.645981074047275e+18,"Word of thanks and appreciation for @indian_nagrik as AAP supporter and volutneer.
Sitting abroad ,how much he doesâ€¦ https://t.co/6t4gzP7TZW",186,64,Kishlaysharma,11935,en,False,word thank appreci indiannagrik aap support volutn sit abroad much doesâ€¦ httpstco6t4gzp7tzw,9,politics,0.37656626
2023-04-12 02:39:59+00:00,1.6459800523777352e+18,Senior AAP leader and Rajya Sabha Member @SanjayAzadSln will address an important press conference today at 12 noon https://t.co/gBBFSfGl5i,332,116,AamAadmiParty,6475162,en,True,senior aap leader rajya sabha member sanjayazadsln address import press confer today 12 noon httpstcogbbfsfgl5i,6,politics,0.6836559
2023-04-12 02:36:58+00:00,1.6459792908263424e+18,"Thatâ€™s really bad

Itâ€™s not even 10-15 days since Arvind Kejriwal fixed Manish Sisodia

And Aatishi Marlena startedâ€¦ https://t.co/VmDLALVxtW",654,370,FltLtAnoopVerma,30663,en,False,thatâ€™ realli bad itâ€™ even 1015 day sinc arvind kejriw fix manish sisodia aatishi marlena startedâ€¦ httpstcovmdlalvxtw,7,sport,0.8718518
2023-04-12 01:54:20+00:00,1.6459685623417856e+18,"Congratulations @priinccess5 Haina Na Zainuuâ¤ï¸ğŸ˜ for 10K!
Meao Meao you deserve this more than anyone else! 
Aap andâ€¦ https://t.co/WwrXZjX7Rg",18,8,seno_112,5241,en,False,congratul priinccess5 haina na zainuuâ¤ï¸ğŸ˜ 10k meao meao deserv anyon els aap andâ€¦ httpstcowwrxzjx7rg,9,sport,0.84243333
2023-04-11 21:42:08+00:00,1.645905095257895e+18,"Hum females make up karein ya na karein , parda karein Ya na karein , aap apni sooch ko saaf karein. Its needs Deepâ€¦ https://t.co/nvaJWrymDt",53,5,BeingSNK,8408,en,False,hum femal make karein ya na karein parda karein ya na karein aap apni sooch ko saaf karein need deepâ€¦ httpstconvajwrymdt,3,business,0.65478486
2023-04-11 21:33:44+00:00,1.64590297965935e+18,Waisay @agentjay2009 1500 ke hisaab sey 27.6k tweets and videos ke aap khud laga dain. Account details share karooâ€™n?? ğŸ˜œ@MashwaniAzhar,33,2,SDJasmine,8815,en,False,waisay agentjay2009 1500 ke hisaab sey 276k tweet video ke aap khud laga dain account detail share karooâ€™n ğŸ˜œmashwaniazhar,0,business,0.3776805
2023-04-11 21:19:07+00:00,1.6458993029031076e+18,"If he joins AAP in Rajasthan, he won't get even 5% votes overall.

He is NOT a mass leader but a future asset onlyâ€¦ https://t.co/pyzXUBmKrV",577,69,TimesAlgebraIND,59596,en,False,join aap rajasthan wont get even 5 vote overal mass leader futur asset onlyâ€¦ httpstcopyzxubmkrv,8,politics,0.84392226
2023-04-11 19:28:38+00:00,1.6458714992098427e+18,"There goes #DilliKaMaalik #Kejriwal â€˜s #DegreeDikhao jumla 
ğŸ˜‚ğŸ˜‚ğŸ˜‚
@elonmusk wacky his ğŸ‘ in one tweetğŸ˜‚ğŸ˜‚ğŸ˜‚ https://t.co/QCio3xUiIi",185,35,mjavinod,27900,en,False,goe dillikamaalik kejriw â€˜s degreedikhao jumla ğŸ˜‚ğŸ˜‚ğŸ˜‚ elonmusk wacki ğŸ‘ one tweetğŸ˜‚ğŸ˜‚ğŸ˜‚ httpstcoqcio3xuiii,9,sport,0.3304568
2023-04-11 19:21:08+00:00,1.6458696096844472e+18,"Aap log bhi dekh loğŸ¥³ğŸ¤ğŸ»
Good night https://t.co/RBseEBpclm https://t.co/2eCHzcon2H",240,36,High_Heel_Babe,7741,en,False,aap log bhi dekh loğŸ¥³ğŸ¤ğŸ» good night httpstcorbseebpclm httpstco2echzcon2h,9,entertainment,0.45764542
2023-04-11 18:30:00+00:00,1.64585674283486e+18,"â¤ï¸V for Valued â¤ï¸
You are a very dear and valued person in my life DadağŸ¥ºâ¤ï¸ Always stay happy, kyuki aap khush toh hâ€¦ https://t.co/dJV76xbbGw",10,7,__GoldenBliss__,377,en,False,â¤ï¸v valu â¤ï¸ dear valu person life dadağŸ¥ºâ¤ï¸ alway stay happi kyuki aap khush toh hâ€¦ httpstcodjv76xbbgw,9,sport,0.5430528
2023-04-11 17:35:45+00:00,1.645843087875543e+18,"was in an e rick today when the dude decided to hit me w the ""aap ladka ho ya ladki"" question &amp; i said ""sir mujhe kâ€¦ https://t.co/rcpzjgAzgA",1637,95,psydukh,616,en,False,e rick today dude decid hit w aap ladka ho ya ladki question amp said sir mujh kâ€¦ httpstcorcpzjgazga,3,sport,0.72067124
2023-04-11 17:23:20+00:00,1.645839966235398e+18,"There are YouTube Channel which make informative videos for UPSC exam are turning into propaganda factory.

For Theâ€¦ https://t.co/RpnxWgcHgu",71,25,sdhruv86,3546,en,False,youtub channel make inform video upsc exam turn propaganda factori theâ€¦ httpstcorpnxwgchgu,0,tech,0.39617783
2023-04-11 16:57:04+00:00,1.6458333555719045e+18,"AAPâ€™s rise and national party status are a result of peopleâ€™s overwhelming support for a new, fresh brand of politiâ€¦ https://t.co/omkHdibz8S",565,196,raghav_chadha,798619,en,True,aapâ€™ rise nation parti statu result peopleâ€™ overwhelm support new fresh brand politiâ€¦ httpstcoomkhdibz8,1,politics,0.30773312
2023-04-11 16:56:12+00:00,1.645833136960594e+18,"Elon Musk too knew all about #Kejriwal 
ğŸ¤£ğŸ¤£ğŸ¤£ https://t.co/9OKUsIXbTu",2459,686,NagarJitendra,20357,en,False,elon musk knew kejriw ğŸ¤£ğŸ¤£ğŸ¤£ httpstco9okusixbtu,9,sport,0.3594787
2023-04-11 16:54:19+00:00,1.6458326608483779e+18,"Over 33% of Delhi AAP MLAs studied only till class XII

Over 20% of Punjab AAP MLAs have not even passed 12th standâ€¦ https://t.co/G6T9fi1Ip2",238,84,mvmeet,187449,en,False,33 delhi aap mla studi till class xii 20 punjab aap mla even pass 12th standâ€¦ httpstcog6t9fi1ip2,10,sport,0.18424752
2023-04-11 16:44:41+00:00,1.6458302378534625e+18,"#KarnatakaElections2023

Former AAP leader, @Nimmabhaskar22 has been made a scapegoat with Chamrajpet BJP ticket...â€¦ https://t.co/tpUeMJ800N",53,17,AAPforNewIndia,843,en,False,karnatakaelections2023 former aap leader nimmabhaskar22 made scapegoat chamrajpet bjp ticketâ€¦ httpstcotpuemj800n,6,politics,0.5258463
2023-04-11 15:52:27+00:00,1.6458170926530888e+18,"Atyany buddhiman kattr imaandar #KejriwalExposed ji  IIT se bahut padha likha, Bharat Ratna davedaar Shri Shri jhadâ€¦ https://t.co/eNukm7kYGV",19,6,Tension_Com,1658,en,False,atyani buddhiman kattr imaandar kejriwalexpos ji iit se bahut padha likha bharat ratna davedaar shri shri jhadâ€¦ httpstcoenukm7kygv,8,business,0.4139233
2023-04-11 15:28:35+00:00,1.6458110873280266e+18,"Salaam 
Ramadan ka 3isra ashra  shuru ho gya...in 10 raton me aap ki kismat badal skti hy just isliye q k apne  usâ€¦ https://t.co/kG3BA9fSGt",13,3,thevirgo28,4455,en,False,salaam ramadan ka 3isra ashra shuru ho gyain 10 raton aap ki kismat badal skti hy isliy q k apn usâ€¦ httpstcokg3ba9fsgt,3,sport,0.7025771
2023-04-11 14:16:45+00:00,1.6457930099703355e+18,indian bts army aap humare dil me rehte hai to chup chap wahi padhe  raho bsdk ğŸ˜Š https://t.co/ByvAH8prFu,563,79,mimilostjams,3382,en,False,indian bt armi aap humar dil reht hai chup chap wahi padh raho bsdk ğŸ˜Š httpstcobyvah8prfu,2,business,0.3471035
2023-04-11 14:05:19+00:00,1.6457901308406784e+18,"Shockingâ€¦

AAP Assam spokesperson Sushant Nath taken by some police personals for a social media post criticising gâ€¦ https://t.co/WV1akjfP4H",219,171,beingAAPian,22297,en,True,shockingâ€¦ aap assam spokesperson sushant nath taken polic person social media post criticis gâ€¦ httpstcowv1akjfp4h,5,politics,0.53930867
2023-04-11 14:04:24+00:00,1.6457899012906353e+18,"Shopkeeper: It's â‚¹ 97 
Me: Yeh lo â‚¹100
Shopkeeper: aap aur â‚¹ 2 de do, mein â‚¹ 5 deta hoon
Me: https://t.co/DLHxVSKEpk",4039,344,Madan_Chikna,133372,en,False,shopkeep â‚¹ 97 yeh lo â‚¹100 shopkeep aap aur â‚¹ 2 de mein â‚¹ 5 deta hoon httpstcodlhxvskepk,2,sport,0.49205607
2023-04-11 13:54:59+00:00,1.645787530296705e+18,"AAP celebrates national party status; party MP @raghav_chadha hails @ArvindKejriwal's leadership. Listen in. 
Fullâ€¦ https://t.co/dgpgdtMGIB",260,93,IndiaToday,6258137,en,True,aap celebr nation parti statu parti mp raghavchadha hail arvindkejriw leadership listen fullâ€¦ httpstcodgpgdtmgib,1,politics,0.31588238
2023-04-11 13:42:32+00:00,1.6457843979737167e+18,"It appears BJP has 
taken AAP symbol for a 
moment in Karnataka! https://t.co/LFotdh1iwK",444,26,VishweshwarBhat,193582,en,False,appear bjp taken aap symbol moment karnataka httpstcolfotdh1iwk,5,business,0.57162595
2023-04-11 13:33:45+00:00,1.645782188636668e+18,Just FYI Municipality is under AAP now ğŸ˜‚ https://t.co/8M8pm7tYs1,469,112,NindaTurtles,24502,en,False,fyi municip aap ğŸ˜‚ httpstco8m8pm7tys1,9,sport,0.49853772
2023-04-11 13:30:01+00:00,1.6457812467090473e+18,"AAPâ€™s â€˜Degree Dikhaoâ€™ campaign: 40% of partyâ€™s Punjab MLAs are not graduates, 19 have not even passed 12th standard
 https://t.co/iifZ6qfSu3",2983,1102,OpIndia_com,627871,en,True,aapâ€™ â€˜degre dikhaoâ€™ campaign 40 partyâ€™ punjab mla graduat 19 even pass 12th standard httpstcoiifz6qfsu3,10,politics,0.5830594
2023-04-11 13:25:31+00:00,1.645780115056644e+18,"This 43 seconds video is enough to give endless nightmares to the entire RSS-BJP-AAP ecosystem.

Rahul Thalaiva Ganâ€¦ https://t.co/sSGq5R6X9K",388,102,mr_mayank,26236,en,False,43 second video enough give endless nightmar entir rssbjpaap ecosystem rahul thalaiva ganâ€¦ httpstcossgq5r6x9k,0,tech,0.67225736
2023-04-11 13:23:05+00:00,1.6457795048441446e+18,"Modi govt spending 35% of resources to 20% population, and you saying Modi treating citizens Equally ?????

Are youâ€¦ https://t.co/2uyJF8sNDJ",1060,530,KhushiViews,9768,en,False,modi govt spend 35 resourc 20 popul say modi treat citizen equal youâ€¦ httpstco2uyjf8sndj,5,business,0.36021444
2023-04-11 13:12:25+00:00,1.6457768191138284e+18,"51 justice for legend
#AAP_Slaves_Of_Gangsters 
#JusticeForSidhuMooseWala",11,21,diwansh17107841,175,en,False,51 justic legend aapslavesofgangst justiceforsidhumoosewala,0,sport,0.35428134
2023-04-11 13:11:21+00:00,1.6457765519282954e+18,Kejriwal Govt sped up anti encroachment drive in New Delhi. In this video Madarsa can be seen removed from encroachâ€¦ https://t.co/PKILem5on0,2280,616,BefittingFacts,247871,en,False,kejriw govt sped anti encroach drive new delhi video madarsa seen remov encroachâ€¦ httpstcopkilem5on0,9,tech,0.42403612
2023-04-11 12:51:52+00:00,1.6457716496465592e+18,Let us congratulate AAP for national party status.ğŸ¤­ğŸ¤­ğŸ˜›ğŸ˜›ğŸ™‹ğŸ™‹ğŸ™‹ğŸ™‹ https://t.co/PCp5cJr3PV,46,17,KaffirBaba_2,3611,en,False,let us congratul aap nation parti statusğŸ¤­ğŸ¤­ğŸ˜›ğŸ˜›ğŸ™‹ğŸ™‹ğŸ™‹ğŸ™‹ httpstcopcp5cjr3pv,1,politics,0.3853095
2023-04-11 12:35:26+00:00,1.6457675144740536e+18,"Gujarat Police arrested Kajal Hindustani for a speech  

Modi visited church

BJP Delhi protesting against Kejriwalâ€¦ https://t.co/BVrwKvSoTA",1173,341,RoshanKrRaii,7338,en,False,gujarat polic arrest kajal hindustani speech modi visit church bjp delhi protest kejriwalâ€¦ httpstcobvrwkvsota,5,politics,0.3899563
2023-04-11 12:22:29+00:00,1.645764254426108e+18,"Participate in The KKR Quiz and stand a chance to win exciting gifts! ğŸ˜

KKR hai taiyaar, kya aap?

#BaazarKolkataâ€¦ https://t.co/NDHrPX2Z7C",117,91,BaazarKolkata,672,en,False,particip kkr quiz stand chanc win excit gift ğŸ˜ kkr hai taiyaar kya aap baazarkolkataâ€¦ httpstcondhrpx2z7c,2,sport,0.49059957
2023-04-11 10:22:44+00:00,1.6457341160407818e+18,"Celebrating India ğŸ‡®ğŸ‡³ Celebrating AAP

Within ten years of its formation, AAP has become a national party, an unparaâ€¦ https://t.co/hw8cJOuDEW",1649,306,raghav_chadha,798619,en,True,celebr india ğŸ‡®ğŸ‡³ celebr aap within ten year format aap becom nation parti unparaâ€¦ httpstcohw8cjoudew,1,business,0.31678653
2023-04-11 09:57:43+00:00,1.645727819639718e+18,"Glimpses of the Celebration at HQ on AAP becoming National Party! 
Amazing enthusiasm!
Under the leadership of Sriâ€¦ https://t.co/DVd7sFjebj",229,88,attorneybharti,197501,en,True,glimps celebr hq aap becom nation parti amaz enthusiasm leadership sriâ€¦ httpstcodvd7sfjebj,1,politics,0.42613804
2023-04-11 09:35:13+00:00,1.6457221582184899e+18,"Is he going to AAP?ğŸ¤”
Just a question. 
Arvind Kejriwal must be desperate to open account in Rajasthan https://t.co/PP757seGO8",28,3,anushakunmittal,12791,en,False,go aapğŸ¤” question arvind kejriw must desper open account rajasthan httpstcopp757sego8,9,sport,0.6513064
2023-04-11 09:26:55+00:00,1.645720068620419e+18,"â–ªï¸Nationalist Congress Party (NCP)

â–ªï¸Trinamool Congress (TMC)

â–ªï¸Communist Party of India @cpimspeak (CPIM)

Haveâ€¦ https://t.co/zllrjO1uPj",82,63,mekarora,2612,en,False,â–ªï¸nationalist congress parti ncp â–ªï¸trinamool congress tmc â–ªï¸communist parti india cpimspeak cpim haveâ€¦ httpstcozllrjo1upj,1,business,0.43539476
2023-04-11 08:43:30+00:00,1.6457091429534392e+18,"Delhi government gives notice to the Delhi Haj Committee to vacate the office!  

Delhi Pradesh BJP's Minority Fronâ€¦ https://t.co/eULz9WR4Wi",173,95,gganeshhh,7840,en,False,delhi govern give notic delhi haj committe vacat offic delhi pradesh bjp minor fronâ€¦ httpstcoeulz9wr4wi,5,business,0.53563046
2023-04-11 08:01:49+00:00,1.6456986564552376e+18,"A special hug bhari tweet to those ..

Who hv no one jinko wo aise mention karke Masti karpayein. Jinki Bina Ht Walâ€¦ https://t.co/5vTwPtKZjj",60,7,tweetwithapoo,1430,en,False,special hug bhari tweet hv one jinko wo ais mention kark masti karpayein jinki bina ht walâ€¦ httpstco5vtwptkzjj,0,entertainment,0.23639497
2023-04-11 08:01:21+00:00,1.6456985361835622e+18,"AAP officially becomes national party after AAP gets 5 MLAs and 13% votes in Gujarat. 

Celebrations going on at AAâ€¦ https://t.co/h0NkNs0huI",685,282,HasanSafin,50027,en,True,aap offici becom nation parti aap get 5 mla 13 vote gujarat celebr go aaâ€¦ httpstcoh0nkns0hui,8,politics,0.121884584
2023-04-11 07:58:47+00:00,1.6456978903318118e+18,"Akshnav fd makes so beautiful edits and vm â¤â¤â¤â¤

If possible someone please make vm on this song from abhinav perspâ€¦ https://t.co/nJxbwhp6KZ",25,2,PoojaSh71747412,436,en,False,akshnav fd make beauti edit vm â¤â¤â¤â¤ possibl someon pleas make vm song abhinav perspâ€¦ httpstconjxbwhp6kz,0,sport,0.36063173
2023-04-11 07:42:14+00:00,1.6456937249182024e+18,"Watch| ""Die-Hard Honesty, Patriotism and Humanity Are Three Pillars Of AAP's Ideology"": Arvind Kejriwal https://t.co/RL1Y8IEJwD",66,19,ndtv,17742352,en,True,watch diehard honesti patriot human three pillar aap ideolog arvind kejriw httpstcorl1y8iejwd,4,tech,0.77850175
2023-04-11 07:37:29+00:00,1.645692529344643e+18,"Aap sab fans ki power mein hai bada dum! #KisiKaBhaiKisiKiJaan Trailer trends at #1 on YouTubeğŸ”¥

@BeingSalmanKhanâ€¦ https://t.co/wgM2YsTFgY",1665,417,farhad_samji,8037,en,True,aap sab fan ki power mein hai bada dum kisikabhaikisikijaan trailer trend 1 youtubeğŸ”¥ beingsalmankhanâ€¦ httpstcowgm2ystfgi,2,tech,0.68625766
2023-04-11 07:21:03+00:00,1.645688394037756e+18,Dhan Guru Teg Bahadur Sahib ji ke Prakash purab ki aap sabhi ko bahut-bahut  badhaiyan. May Guru Sahib bless all ofâ€¦ https://t.co/EXZY8V63Sy,111,25,ACP_SURINDER_K,14004,en,False,dhan guru teg bahadur sahib ji ke prakash purab ki aap sabhi ko bahutbahut badhaiyan may guru sahib bless ofâ€¦ httpstcoexzy8v63si,2,business,0.23052555
2023-04-11 07:13:52+00:00,1.6456865886373192e+18,"All ""anti-national forces"" that want to halt the country's progress are against AAP, said Kejriwal #AAP #Kejriwal https://t.co/Xnx7VRXhzf",43,5,republic,2860285,en,True,antin forc want halt countri progress aap said kejriw aap kejriw httpstcoxnx7vrxhzf,9,politics,0.40679047
2023-04-11 07:02:27+00:00,1.6456837164658524e+18,Aap sab fans ki power mein hai bada dum! #KisiKaBhaiKisiKiJaan Trailer trends at #1 on YouTubeğŸ”¥â€¦ https://t.co/vcRtCHAeuU,510,204,ZeeStudios_,116768,en,True,aap sab fan ki power mein hai bada dum kisikabhaikisikijaan trailer trend 1 youtubeğŸ”¥â€¦ httpstcovcrtchaeuu,2,tech,0.68625766
2023-04-11 07:00:48+00:00,1.6456832988601587e+18,Aap sab fans ki power mein hai bada dum! #KisiKaBhaiKisiKiJaan Trailer trends at #1 on YouTubeğŸ”¥â€¦ https://t.co/hXMPsmLiUm,2862,852,SKFilmsOfficial,302754,en,True,aap sab fan ki power mein hai bada dum kisikabhaikisikijaan trailer trend 1 youtubeğŸ”¥â€¦ httpstcohxmpsmlium,2,tech,0.68625766
2023-04-11 06:51:44+00:00,1.6456810161812357e+18,"SHARE MAX

Arvind Kejriwal addresses AAP volunteers as AAP gets National Party status.

AAP Convenerâ€¦ https://t.co/OEeJordH8y",462,218,DaaruBaazMehta,107509,en,False,share max arvind kejriw address aap volunt aap get nation parti statu aap convenerâ€¦ httpstcooeejordh8i,1,politics,0.43887788
2023-04-11 06:46:18+00:00,1.645679648821457e+18,"Die-hard honesty, patriotism and humanity three pillars of AAP's ideology: Arvind Kejriwal",84,11,PTI_News,4063719,en,True,diehard honesti patriot human three pillar aap ideolog arvind kejriw,4,sport,0.7295644
2023-04-11 06:45:59+00:00,1.6456795723552727e+18,"#WATCH | AAP National Convenor and Delhi CM Arvind Kejriwal says, ""Anti-national forces worked to put Manish Sisodiâ€¦ https://t.co/wCTkwUqVpO",214,63,ANI,7641854,en,True,watch aap nation convenor delhi cm arvind kejriw say antin forc work put manish sisodiâ€¦ httpstcowctkwuqvpo,9,politics,0.34100664
2023-04-11 06:44:57+00:00,1.6456793111337615e+18,All anti-national forces that don't want good things for country against AAP: Arvind Kejriwal,298,51,PTI_News,4063719,en,True,antin forc dont want good thing countri aap arvind kejriw,9,sport,0.29533854
2023-04-11 06:42:55+00:00,1.6456787984598835e+18,"Miraculous, incredible that AAP attained national party status in a short span of 10 years: Arvind Kejriwal",95,9,PTI_News,4063719,en,True,miracul incred aap attain nation parti statu short span 10 year arvind kejriw,1,politics,0.31696188
2023-04-11 06:22:47+00:00,1.6456737323489976e+18,We are now a National Party ğŸ‡®ğŸ‡³ | AAP National Convenor @ArvindKejriwal along with other Senior AAP Leaders addressiâ€¦ https://t.co/pe1ztv3n3M,883,348,AamAadmiParty,6475163,en,True,nation parti ğŸ‡®ğŸ‡³ aap nation convenor arvindkejriw along senior aap leader addressiâ€¦ httpstcope1ztv3n3m,1,politics,0.38193634
2023-04-11 06:13:40+00:00,1.6456714392978268e+18,Great opportunity for AAP to use this pic in Delhi and showcase how BJP leaders behave personally with general publâ€¦ https://t.co/o2rc1AA2e7,16,8,SecularTrainee,4434,en,False,great opportun aap use pic delhi showcas bjp leader behav person gener publâ€¦ httpstcoo2rc1aa2e7,5,politics,0.30065945
2023-04-11 06:01:53+00:00,1.6456684707244728e+18,The most scary situation for the nation would be for its PM to have â€˜degreesâ€™ but to not have â€˜wisdomâ€™ &amp; â€˜characterâ€¦ https://t.co/LwUyzTifj0,46,16,Randeep_Sisodia,1987,en,False,scari situat nation would pm â€˜degreesâ€™ â€˜wisdomâ€™ amp â€˜characterâ€¦ httpstcolwuyztifj0,8,politics,0.6420236
2023-04-11 05:58:38+00:00,1.6456676563166536e+18,"AAP Gets â€˜National Partyâ€™ Status

Now Kejriwal all over the countryğŸ‘‡ https://t.co/LoVJo7RCGl",2335,560,desi_urbann,11481,en,False,aap get â€˜nation partyâ€™ statu kejriw countryğŸ‘‡ httpstcolovjo7rcgl,8,politics,0.27601224
